phase,fold,seed,model,target,mae,rmse,wape,smape,mape,bias,mase,rmsse
cv,1,,Ridge,carts,3105.4099315831613,4273.034616601332,0.11552859314544549,0.11669262482313135,0.12844348611997783,2958.648940414421,0.851268262916044,0.7455171019030421
cv,1,,Ridge,orders,1092.576546465677,1487.947319294561,0.12763448975372382,0.1325683548524725,0.13721206262771082,260.73019503731325,0.744636170402053,0.6440571484257452
cv,1,,Extra Trees,carts,3642.1342674543384,4599.662988812497,0.1354960076885261,0.13562095633023388,0.14131337887494255,-650.7415707100665,0.9983974352726529,0.8025040115115242
cv,1,,Extra Trees,orders,1388.08715642592,1807.8577069621863,0.16215595741756605,0.15937467948531914,0.16238605123895375,-538.3611542671197,0.9460388909947587,0.7825301772495544
cv,1,,Persistence,carts,20750.305,25078.674174585067,0.7719604164358311,0.8586805001143066,2.2270812942487774,2370.9483333333333,5.68816242669863,4.37548069879156
cv,1,,Persistence,orders,6978.115,8456.240990436196,0.8151814628905599,0.9284535511354515,2.8706890212774616,428.56166666666667,4.75587440260723,3.660279089237742
cv,1,,Seasonal naive 24h,carts,6222.473333333333,7877.461729728259,0.23149072293929435,0.2338427257133669,0.24177305356609216,-817.4133333333333,1.7057310249560595,1.3743821349545267
cv,1,,Seasonal naive 24h,orders,2456.6183333333333,3212.92729013071,0.2869814737547942,0.3049491173134939,0.27897352894955696,-1075.9016666666666,1.674287146095419,1.3907137448669256
cv,1,,Seasonal naive 168h,carts,3695.7816666666668,4883.689555551213,0.1374918178048906,0.12497016809919342,0.13603710150959447,3690.345,1.0131034899783389,0.8520581766184141
cv,1,,Seasonal naive 168h,orders,1055.2366666666667,1368.7054431103868,0.12327245533057159,0.11679849940381316,0.12336769892848935,623.4333333333333,0.7191874957194855,0.5924433703354527
cv,1,,Seasonal blend 24h+168h,carts,3036.724166666667,4598.742477795787,0.11297332026207578,0.1260886580327696,0.13815303756906075,1436.4658333333334,0.832439827032954,0.8023434097923664
cv,1,,Seasonal blend 24h+168h,orders,1340.3108333333332,1944.1445101252118,0.15657474057746715,0.1696914214361567,0.16747326574110835,-226.23416666666665,0.9134773479352467,0.8415218422601505
cv,1,42,Transformer,carts,3411.806034749349,4847.396248035347,0.1269272527504241,0.12618092602637265,0.13701939972861354,2107.482341715495,0.9352588742211204,0.8457260768660313
cv,1,42,Transformer,orders,1112.6865314229328,1648.5052132748585,0.1299837326303693,0.14055842222718362,0.1501773588925913,481.62521845499674,0.7583419580961551,0.7135545412522734
cv,1,123,Transformer,carts,2885.6396537272135,4046.156953100506,0.10735261909523776,0.11651989194403498,0.12390658808383091,1141.4220471191406,0.7910238936402516,0.7059337160061592
cv,1,123,Transformer,orders,1140.0107246398925,1582.379800454647,0.13317573731915783,0.1439768450723768,0.15377411358157164,252.64462071736654,0.7769645275282199,0.684932194031236
cv,1,2026,Transformer,carts,3549.0754315185545,5120.060693409061,0.13203399892566595,0.1316535213148143,0.14442950791765732,2532.5711138916017,0.9728877488346831,0.8932978906578637
cv,1,2026,Transformer,orders,1277.4001000467936,1876.0015865420232,0.14922552612742737,0.15212862955175127,0.16460545400789467,611.8343740336101,0.8706010774686946,0.8120262166561545
cv,1,3407,Transformer,carts,3818.0788924153644,5513.682096843882,0.14204156381189684,0.13681546828953622,0.14942988508748012,3271.347609049479,1.0466281289845232,0.9619730862192654
cv,1,3407,Transformer,orders,1340.185459136963,1900.2693557656748,0.15656009439854834,0.16640024445005497,0.17588766008404752,835.4477135721843,0.9133919002274825,0.8225305067221825
cv,1,9999,Transformer,carts,3441.661852010091,4902.997400755094,0.1280379597557252,0.1259873905887387,0.1361215658330875,2083.7751475016275,0.9434430786441848,0.8554268197706286
cv,1,9999,Transformer,orders,1174.9005641174317,1746.3827829036813,0.13725155871008032,0.13956892535178908,0.1501599353343156,535.0903092956543,0.800743398252234,0.755920791436365
cv,1,42,GRU,carts,3500.4216670735677,5003.090938404667,0.13022396383162163,0.13084090809890067,0.1429100057742226,1116.825447998047,0.9595505706662938,0.8728901569076175
cv,1,42,GRU,orders,1412.824107767741,1979.7215059746854,0.1650457212266002,0.16057792211166835,0.1712183897299124,93.24594797770182,0.9628981479266245,0.8569213246203391
cv,1,123,GRU,carts,3523.1583532714844,5099.952795189692,0.13106982232602518,0.13010044430244563,0.14209031642893383,1157.552763264974,0.9657832484095186,0.8897896621151731
cv,1,123,GRU,orders,1398.9584502156576,1978.0793410132312,0.16342593894911597,0.15828139235397207,0.16720627748530467,83.12896423339843,0.9534481279961318,0.8562105144534709
cv,1,2026,GRU,carts,3481.191657307943,4869.881928918901,0.12950856199310712,0.1291509144562519,0.13941402101969141,874.4858972167968,0.9542791580767499,0.8496491575687938
cv,1,2026,GRU,orders,1380.3724542236328,1927.17106833606,0.16125472804157764,0.157593133178659,0.1658531328464356,43.63449208577474,0.9407810019047114,0.8341748976634329
cv,1,3407,GRU,carts,3369.3512182617187,4724.664054267401,0.12534783317969983,0.12500504034196155,0.13545764396686474,1021.9692618815104,0.9236209782009258,0.8243129694101274
cv,1,3407,GRU,orders,1311.0097961425781,1820.198713456967,0.15315180152281263,0.14857421636544932,0.1562357696359064,49.46798380533854,0.8935074774551307,0.7878719748714625
cv,1,9999,GRU,carts,3104.7261759440103,4500.156150141828,0.11550315581871996,0.1237778092491605,0.13460094328122113,1064.0278979492186,0.8510808288934759,0.7851430358486838
cv,1,9999,GRU,orders,1335.2508128356933,1869.8593145649597,0.15598363038345023,0.1545568016729448,0.16346507797082835,26.536520436604818,0.9100287343825332,0.8093675377344582
cv,2,,Ridge,carts,2808.516046583206,4406.262805782609,0.11661667202306683,0.12632632569457058,0.13404107700080417,1776.0921336022934,0.7804027780093723,0.7789002202323054
cv,2,,Ridge,orders,1416.5290196758583,2011.2850373873448,0.1987979302903492,0.23221177095616516,0.28323176274411843,1334.8448941352115,0.9872476772418439,0.886910590012513
cv,2,,Extra Trees,carts,2649.3845901117534,4523.842977239889,0.11000913246833974,0.11841206096709113,0.12302492518376852,1369.8757564245225,0.7361848961674357,0.799685004408782
cv,2,,Extra Trees,orders,1046.4099783741613,1352.0759216857793,0.14685483674987054,0.15648386667442993,0.17322794361420685,867.7336272621164,0.729293792250704,0.5962210383674742
cv,2,,Persistence,carts,15105.888333333334,18789.95624063558,0.6272345951266814,0.7637076383943676,1.7502663156014653,-862.355,4.19747547249182,3.3215225008320814
cv,2,,Persistence,orders,5038.621666666667,6250.425762964738,0.707128159703112,0.8251391831134686,2.4548514775676233,297.48833333333334,3.51165946325291,2.756232308306511
cv,2,,Seasonal naive 24h,carts,5214.86,7892.9691719909815,0.21653414407443494,0.18169395185250506,0.19541608962125157,2796.6966666666667,1.4490539357541055,1.3952493751127126
cv,2,,Seasonal naive 24h,orders,1544.9233333333334,2143.9651225396988,0.21681699199795662,0.1822081821731401,0.1979480364217496,1434.7266666666667,1.076731892650582,0.9454181463349351
cv,2,,Seasonal naive 168h,carts,3943.2516666666666,5708.29403164086,0.16373375785960806,0.15647803041002714,0.16660995673741458,2626.508333333333,1.0957119361310312,1.009061800072572
cv,2,,Seasonal naive 168h,orders,1160.8866666666668,1441.6023041509518,0.16292067683004843,0.1550196913830471,0.17082342781233037,1150.0233333333333,0.8090781405028677,0.6356992302785596
cv,2,,Seasonal blend 24h+168h,carts,4303.424166666667,6671.8788000145305,0.1786890287598143,0.15248089848080487,0.1636849931947141,2711.6025,1.195793123099693,1.179395804506845
cv,2,,Seasonal blend 24h+168h,orders,1343.2416666666666,1749.2866462742272,0.18851266688076557,0.16696540863200887,0.18248889087460465,1292.375,0.9361701715751518,0.7713779114885823
cv,2,42,Transformer,carts,3377.0826981608075,4889.163282861637,0.14022499386653403,0.1460407242803402,0.1570881003649807,2243.828339436849,0.9383904793488247,0.8642631013236284
cv,2,42,Transformer,orders,1499.880294494629,1890.7136172670273,0.21049558045555752,0.21534198504395666,0.25086916527749986,1451.976471455892,1.0453392174199674,0.8337425569541719
cv,2,123,Transformer,carts,3498.2919649251303,4971.565329839735,0.14525790842851702,0.14832072222285825,0.1612089343558815,2433.3323091634115,0.9720709166097887,0.8788294073675171
cv,2,123,Transformer,orders,1673.0618329874674,2297.148609628432,0.23480015236242383,0.23260364375823797,0.280015307922033,1617.9249506632486,1.1660378188911515,1.0129670289590134
cv,2,2026,Transformer,carts,3725.396475423177,5292.2382282186845,0.15468786067961063,0.15303838587056398,0.1657073400002722,2631.540068359375,1.0351764812394633,0.9355151299808175
cv,2,2026,Transformer,orders,1618.9822373453776,2021.0098905557807,0.2272105360995346,0.2251597832521846,0.26044384198126236,1542.2101915486653,1.1283471295778833,0.8911989306012773
cv,2,3407,Transformer,carts,3869.7019506835936,5364.698614568712,0.16067978808912287,0.15352391563503204,0.16563673269412624,2780.1082161458335,1.0752746654432526,0.948324037069175
cv,2,3407,Transformer,orders,1728.5656794230142,2170.2157791130403,0.24258965024158835,0.22095041832143186,0.2564324394493849,1670.0334133911133,1.2047211375597804,0.9569938230176996
cv,2,9999,Transformer,carts,3769.674206542969,5305.106891522065,0.1565263837865746,0.1530793753890868,0.16696072768060133,2660.715546061198,1.0474799410725932,0.9377899386163678
cv,2,9999,Transformer,orders,1640.5958353678386,2092.5455740870466,0.23024382274125552,0.21828603524079762,0.2535115930473313,1485.6490431722004,1.1434106928004684,0.9227438156415795
cv,2,42,GRU,carts,2966.4509114583334,4527.1017607544345,0.12317452607576379,0.14860590457530679,0.16271490617571502,1686.936797688802,0.8242881627637274,0.8002610633750874
cv,2,42,GRU,orders,1359.8989650472006,1721.0726921248886,0.1908503785663593,0.22555745772066255,0.2695063217701869,1282.0347725423178,0.9477794495404346,0.7589364851089174
cv,2,123,GRU,carts,2929.7277412923177,4391.527376234999,0.12164968739944304,0.15214409298294204,0.16775675584739935,1640.768797607422,0.8140838899237215,0.7762954211484223
cv,2,123,GRU,orders,1509.984524230957,2112.827549339505,0.21191362408958056,0.24852235749961007,0.30867340587726794,1408.1822221883137,1.0523813444776895,0.9316875000539807
cv,2,2026,GRU,carts,3298.278346354167,4821.103318718973,0.13695283835942712,0.1576142538907097,0.17333640490524327,2139.101415201823,0.9164931022111903,0.8522320620061022
cv,2,2026,GRU,orders,1694.3204739379883,2290.7112208755607,0.23778362376544265,0.2601725962245583,0.3211299908064129,1651.7288377888997,1.1808539953394976,1.0101283521176811
cv,2,3407,GRU,carts,3101.6890608723957,4540.627556530043,0.12878995523965017,0.15663417834032847,0.17253263198547802,1819.7367203776041,0.8618668077652324,0.802652034084917
cv,2,3407,GRU,orders,1542.6143368530275,2044.6193266122143,0.21649294376812397,0.24911436820605307,0.3061206382974495,1482.854230448405,1.0751226411772425,0.9016099158537082
cv,2,9999,GRU,carts,2958.5950354003908,4456.598830083709,0.12284833028179014,0.1563261266829939,0.17353130688600285,1616.8291849772136,0.8221052492971035,0.7877981780123752
cv,2,9999,GRU,orders,1445.9910504150391,1854.7894467335034,0.20293267843298876,0.24447385707756708,0.2988677737955328,1345.314322306315,1.0077811933294565,0.8179011785859491
cv,3,,Ridge,carts,2630.0486046449523,4301.189293875945,0.1085904438312871,0.09983424293703166,0.1037821249721862,1476.7404442331379,0.746799759713173,0.7768247914341142
cv,3,,Ridge,orders,2213.2974947624166,2944.437246660277,0.34044314644738743,0.2596246841797105,0.31200702704283495,2209.873129657015,1.5897946685878814,1.3291544896560423
cv,3,,Extra Trees,carts,2056.536134923362,3680.4946587056634,0.08491104356474626,0.08081764159239155,0.08174078954150497,1096.6355957399542,0.583951448155672,0.6647230103762692
cv,3,,Extra Trees,orders,1439.4200543549193,1733.9653012676422,0.22140751233112518,0.19725170397769476,0.22094070409514094,1428.6607379790803,1.033924419869988,0.7827328525006908
cv,3,,Persistence,carts,15845.413333333334,19928.966964781022,0.6542314326503272,0.7688997103623527,1.7205982605302386,457.23,4.4992898036143725,3.599310457681029
cv,3,,Persistence,orders,4162.711666666667,5279.967126633776,0.6402965082221684,0.7886343411402615,2.21132937816838,61.255,2.990043963902659,2.3834408492018735
cv,3,,Seasonal naive 24h,carts,2177.335,5312.648283891315,0.08989863290047972,0.08912067930753818,0.09096719053436833,-136.575,0.6182521691589007,0.9595013409367298
cv,3,,Seasonal naive 24h,orders,705.7566666666667,1122.550695217518,0.10855748980640828,0.08848020140587624,0.09640852145039157,624.2466666666667,0.5069396177613537,0.5067329242989381
cv,3,,Seasonal naive 168h,carts,1747.9983333333332,3714.3497997630757,0.0721720178470395,0.07187069111925388,0.07309048465985296,743.1283333333333,0.49634243755300694,0.6708374850236284
cv,3,,Seasonal naive 168h,orders,1143.92,1364.5205653757416,0.17595453164595903,0.15919652468184106,0.17494436103014765,1138.03,0.821668990090401,0.6159610423874061
cv,3,,Seasonal blend 24h+168h,carts,1611.8583333333333,3976.3631875328824,0.06655101791681685,0.06199344893566393,0.061688305673687674,303.27666666666664,0.45768561611336045,0.7181589306519399
cv,3,,Seasonal blend 24h+168h,orders,884.92,1127.250564426561,0.13611588585228168,0.11750635448368357,0.12724794757577154,881.1383333333333,0.6356312702905776,0.5088545019508581
cv,3,42,Transformer,carts,2786.8026574707033,4186.490034131698,0.11506256458929844,0.10180677535366733,0.1045164409771507,1823.7422473144532,0.7913099215320798,0.7561093049859043
cv,3,42,Transformer,orders,1771.322424367269,2208.1163648141874,0.2724597940183994,0.2102958942270827,0.24095348211489787,1757.8298577372234,1.2723273546701992,0.9967703619103085
cv,3,123,Transformer,carts,3648.6830639648438,5108.116196122842,0.15064820954863312,0.1299924414408597,0.1361654839199887,2627.248885091146,1.0360400300686887,0.9225614190763853
cv,3,123,Transformer,orders,2071.408431142171,2697.949567863266,0.3186181729046712,0.23207155512356878,0.2723248984782637,2043.6220174662271,1.4878768390108832,1.2178869782531263
cv,3,2026,Transformer,carts,2886.292052001953,4410.968544492605,0.1191703204268043,0.10422997093112794,0.10711583553467001,1803.0680399576822,0.8195598389665816,0.7966516899120542
cv,3,2026,Transformer,orders,1722.4638614908854,2189.9201479307435,0.2649445083797108,0.20328023604860343,0.23243307157479687,1699.9245115152994,1.2372326225071928,0.9885563701219569
cv,3,3407,Transformer,carts,2667.6592411295574,4121.301171732195,0.11014332604853108,0.11103673099811118,0.1123874029394988,1283.4905993652344,0.7574792635975335,0.7443357416811173
cv,3,3407,Transformer,orders,1660.8105634562176,2185.237555623564,0.2554611728491503,0.21176404168080462,0.24179671223564483,1588.8963573201497,1.1929475299029129,0.9864425914719359
cv,3,9999,Transformer,carts,3669.3960420735675,5373.867368105627,0.15150341484100743,0.13881375897142698,0.1456407992732016,2208.095782470703,1.0419214601864517,0.9705579346082248
cv,3,9999,Transformer,orders,1940.034449971517,2644.5218426107904,0.2984105995364746,0.23422834974518245,0.2750287470510236,1863.6649284871419,1.3935119127637272,1.193769058616026
cv,3,42,GRU,carts,2160.424493001302,3659.90637846968,0.08920042547680035,0.09486695949237295,0.09836823330079572,762.8852823893229,0.6134504470382707,0.6610046233424607
cv,3,42,GRU,orders,1297.0513227335612,1642.2751647028447,0.19950875761622788,0.18868515563601937,0.21540049651752555,1272.2821471150717,0.9316620484351212,0.741342818866757
cv,3,123,GRU,carts,2119.7277205403648,3654.4384055641613,0.08752012170742166,0.09589372898571709,0.10076490426130152,836.7404695638021,0.6018946378257514,0.6600170692913183
cv,3,123,GRU,orders,1477.6729172770183,1843.1015041093642,0.22729145926760236,0.21892950151291102,0.25464483804866545,1467.5353358968098,1.0614011588423526,0.8319982508906957
cv,3,2026,GRU,carts,2091.162489827474,3557.974160191691,0.08634070963276357,0.09496077937150435,0.09903396773429876,785.816055094401,0.5937835681691441,0.6425949536455335
cv,3,2026,GRU,orders,1432.090620727539,1775.7660757196227,0.22028011962784538,0.20950021602703472,0.24120755102589087,1423.1402732340496,1.0286597437330691,0.8016022262993574
cv,3,3407,GRU,carts,2524.7000646972656,3948.604383971116,0.1042407733766448,0.1094029787659498,0.11435958926960833,882.3336324055989,0.7168861435997222,0.7131454970841514
cv,3,3407,GRU,orders,1332.123865661621,1707.2417882865275,0.20490351674670867,0.1918655990482483,0.22028833589092633,1265.064480082194,0.9568543878710968,0.7706695363955443
cv,3,9999,GRU,carts,2236.0721915690106,3750.177429139979,0.09232379633305561,0.10276920666955029,0.10693980381747209,724.1398689778646,0.6349305379436042,0.6773082048215034
cv,3,9999,GRU,orders,1232.5252055867513,1561.1381576870488,0.18958353319362908,0.1845318615529331,0.20935268542327679,1157.0781729125977,0.885313431826902,0.7047165952056413
holdout,0,,Ridge,carts,2240.730755014969,3188.1326487086694,0.08904437535857465,0.09231878682907065,0.09339738717458515,147.68609045231653,0.6362533325322313,0.5757989966690438
holdout,0,,Ridge,orders,887.086985081528,1278.2550749847999,0.12175910164382275,0.12738949370765631,0.1332510281350782,231.78212039286532,0.6371877991068237,0.5770197594697439
holdout,0,,Extra Trees,carts,2983.720645471965,4338.158623736009,0.1185700426193148,0.10911814352254964,0.10873675199838148,-377.3184939618858,0.8472245939312221,0.7835017103037145
holdout,0,,Extra Trees,orders,974.4528783792981,1528.131546244642,0.13375070208565418,0.12453543927985371,0.1276842260700557,15.144898301468151,0.6999420523013866,0.6898170126668157
holdout,0,,Persistence,carts,14658.261415525114,18432.62806112373,0.5825044926378986,0.7398288838900553,1.6120107015756613,-1545.8470319634703,4.162199163769754,3.3290612132677806
holdout,0,,Persistence,orders,4608.622716894977,5793.995811925247,0.6325667846123051,0.8204322307732623,2.339380418489266,-510.60445205479454,3.3103384620417295,2.615479598080661
holdout,0,,Seasonal naive 24h,carts,4064.792808219178,5508.5306887358165,0.16153075766012112,0.16156408896623464,0.15647589768527792,-2040.435502283105,1.1541939898375795,0.9948790697210914
holdout,0,,Seasonal naive 24h,orders,1243.9554794520548,1792.895236735453,0.1707418823747851,0.1737439217726761,0.17111480484335118,-704.4417808219179,0.8935237101534987,0.8093345361979827
holdout,0,,Seasonal naive 168h,carts,2465.1518264840183,3539.2670925647044,0.09796264190244151,0.09558596936265083,0.09415235100335159,-717.1552511415525,0.6999774789041513,0.6392163267321892
holdout,0,,Seasonal naive 168h,orders,826.3864155251141,1168.391040644547,0.11342750965481609,0.12117606010690307,0.1206824501102126,-201.26769406392694,0.5935870440843302,0.5274258091620228
holdout,0,,Seasonal blend 24h+168h,carts,2868.33247716895,4201.398049093125,0.1139846334409401,0.10603401047690365,0.1033919041062495,-1378.7953767123288,0.8144602350481787,0.7588017964857777
holdout,0,,Seasonal blend 24h+168h,orders,921.2211757990867,1353.2095011157057,0.12644426608316675,0.12955015233678818,0.12760948043651885,-452.8547374429224,0.6617061273242248,0.6108550915436356
holdout,0,42,Transformer,carts,3194.64858186626,4606.524599233436,0.12695210561366044,0.13179083187524926,0.12878310779777644,8.807251812660532,0.9071173776379018,0.8319704775910847
holdout,0,42,Transformer,orders,1053.4693724401466,1565.6053821703358,0.1445962871226268,0.1503252327376994,0.15000084372457395,65.01054716763431,0.756698995859906,0.7067331542221383
holdout,0,123,Transformer,carts,4220.666402877738,6019.19695792142,0.16772501676073065,0.1755501400271426,0.17374549311392817,110.97565881737836,1.1984541464107525,1.0871089603277115
holdout,0,123,Transformer,orders,1475.2836061939256,2160.0600677403663,0.20249334009056924,0.19988716926959127,0.2102533547303784,391.4410233171019,1.0596849349589899,0.9750771697445177
holdout,0,2026,Transformer,carts,3188.2981605007226,4470.4551367302,0.1266997462873592,0.13180769967700226,0.13012269034447393,375.47524996544126,0.9053141816279555,0.8073953834467449
holdout,0,2026,Transformer,orders,1029.760435548547,1510.7123166633958,0.14134206413728345,0.1452085306998645,0.14829894435439295,278.19256616183065,0.7396690477587822,0.6819537623188845
holdout,0,3407,Transformer,carts,3151.170954525743,4371.512930874733,0.12522434864868615,0.13262518914099455,0.13022980777193616,185.7449306679643,0.894771947369635,0.789525730851557
holdout,0,3407,Transformer,orders,994.144027884148,1468.7302431425214,0.13645345470672254,0.1455716469976461,0.14561872147436958,128.49471025162092,0.7140860544408448,0.6630025479336461
holdout,0,9999,Transformer,carts,4029.371949217635,5679.2603954374035,0.1601231685254616,0.17005458849045782,0.16538964998076125,-134.6984884183701,1.1441362711534195,1.0257140457564178
holdout,0,9999,Transformer,orders,1363.6246324652407,1964.8333190987582,0.18716733873972494,0.18758861468730975,0.19019468211824753,238.3953816662096,0.9794811478251175,0.8869494605354771
holdout,0,42,GRU,carts,2842.6263950295643,4077.710437551717,0.11296309971945447,0.11956142801451558,0.11853982984370348,-497.7362022922464,0.8071610178660491,0.7364629510005437
holdout,0,42,GRU,orders,931.9020930076842,1370.2731675604641,0.12791029918467975,0.14148836354792058,0.14703676744580277,1.3476915577230932,0.6693781484935614,0.6185578364028675
holdout,0,123,GRU,carts,2902.2723291127104,4085.4082036482337,0.11533336885206918,0.11729064362770596,0.1161565763513604,-124.70307567021618,0.8240974232094684,0.7378532212569467
holdout,0,123,GRU,orders,940.366479917204,1383.0140474353157,0.1290720974788731,0.135079175761915,0.13641073925916208,27.69272707586419,0.675458052895687,0.6243092232619474
holdout,0,2026,GRU,carts,3043.481037157311,4280.392738740655,0.12094486018135155,0.1280969639960539,0.12678935714525125,-315.8821774835456,0.8641934994001789,0.7730687885005717
holdout,0,2026,GRU,orders,938.8045074776427,1369.9034700546865,0.1288577054697108,0.14152314720598924,0.14514380886214664,28.931961704062545,0.674336100034505,0.618390950489379
holdout,0,3407,GRU,carts,2991.835915900801,4189.658560818066,0.11889253526354895,0.12262236422036606,0.12200974098715606,-148.9214810584778,0.8495289171272112,0.7566815630090041
holdout,0,3407,GRU,orders,975.6643179105297,1457.537936169059,0.13391698091907098,0.14185613353476922,0.14560220675865115,66.26800904644135,0.7008122200545359,0.6579502055615138
holdout,0,9999,GRU,carts,2809.2505979494417,4034.351041360595,0.11163677927848108,0.11496634148574232,0.11253649017462176,-595.9739548495916,0.7976839925382089,0.7286319415746542
holdout,0,9999,GRU,orders,896.8361188810165,1343.0039605367626,0.12309724073637415,0.13165059266056311,0.1348214185211556,-7.9399692936030695,0.6441905273774037,0.606248187424604
