lookback,feature_set,transformer_layers,seed,parameter_count,runtime_seconds,target,mae,rmse,wape,smape,mape,bias,mase,rmsse
24,history_only,1,42,24400,4.495264311000028,carts,3068.46826171875,4501.68603515625,0.12669208645820618,0.1277901530265808,0.12823514640331268,1506.2591552734375,0.8712885976677262,0.8130358783163689
24,history_only,1,42,24400,4.495264311000028,orders,1478.8675537109375,1867.802001953125,0.22747519612312317,0.1955965906381607,0.21435099840164185,1329.341796875,1.0622592570591718,0.8431483452831602
24,history_only,1,123,24400,5.169599181999956,carts,2496.501220703125,3888.38671875,0.10307648777961731,0.1016593649983406,0.10184386372566223,1270.413330078125,0.7088791090978422,0.702269760292542
24,history_only,1,123,24400,5.169599181999956,orders,1283.809326171875,1603.1063232421875,0.19747190177440643,0.16237112879753113,0.17738980054855347,1207.204833984375,0.9221504235473482,0.723661547752995
24,history_only,1,2026,24400,3.7470879740001237,carts,2806.282470703125,4132.9912109375,0.11586685478687286,0.11622479557991028,0.11620505154132843,1582.475830078125,0.796841195674899,0.7464470803693383
24,history_only,1,2026,24400,3.7470879740001237,orders,1420.9906005859375,1759.191162109375,0.218572735786438,0.1782863885164261,0.19390632212162018,1311.0123291015625,1.0206866841312325,0.7941201366868375
24,history_only,2,42,37104,8.101649018999979,carts,2543.82763671875,3967.947998046875,0.10503052175045013,0.10207337886095047,0.1021692156791687,1304.32470703125,0.7223173991910877,0.7166390815531809
24,history_only,2,42,37104,8.101649018999979,orders,1324.2437744140625,1646.9322509765625,0.20369140803813934,0.1660035252571106,0.18163061141967773,1243.640380859375,0.9511941785756901,0.7434450715464535
24,history_only,2,123,37104,7.907871085999886,carts,2398.81787109375,3859.868408203125,0.09904330223798752,0.09722401946783066,0.09726134687662125,1111.3370361328125,0.6811420163736159,0.6971191578313983
24,history_only,2,123,37104,7.907871085999886,orders,1246.202880859375,1547.1917724609375,0.19168739020824432,0.16289746761322021,0.17779797315597534,1162.83642578125,0.8951380014017334,0.6984210460831896
24,history_only,2,2026,37104,3.741468326999893,carts,2863.5703125,4238.54736328125,0.11823218315839767,0.11927973479032516,0.11908308416604996,1468.05419921875,0.8131080229923994,0.7655112270903289
24,history_only,2,2026,37104,3.741468326999893,orders,1511.5059814453125,1856.5443115234375,0.23249556124210358,0.19641880691051483,0.21412475407123566,1366.48974609375,1.0857031901616985,0.8380665229748764
24,full,1,42,24560,8.700645752000128,carts,2351.33544921875,3876.3720703125,0.09708283096551895,0.08999309688806534,0.09154549241065979,1326.074951171875,0.6676594285673588,0.700099850683993
24,full,1,42,24560,8.700645752000128,orders,1717.5009765625,2096.7607421875,0.26418110728263855,0.21628141403198242,0.24818570911884308,1714.318603515625,1.2336678202071707,0.9465030788195264
24,full,1,123,24560,4.628747470999997,carts,2551.494384765625,3909.34912109375,0.10534706711769104,0.09484351426362991,0.09711015969514847,1646.9925537109375,0.7244943648901535,0.7060557331459667
24,full,1,123,24560,4.628747470999997,orders,1821.6309814453125,2216.05224609375,0.2801980972290039,0.21632753312587738,0.24885882437229156,1815.58203125,1.3084636065822397,1.0003527595217043
24,full,1,2026,24560,4.030234129000064,carts,2830.065185546875,4235.2861328125,0.11684880405664444,0.10412103682756424,0.10672608762979507,1880.7496337890625,0.8035942745720994,0.764922250086779
24,full,1,2026,24560,4.030234129000064,orders,1865.6075439453125,2337.564697265625,0.28696244955062866,0.2093036025762558,0.24091483652591705,1855.7325439453125,1.3400516352005194,1.0552048799623692
24,full,2,42,37264,8.239176186000122,carts,2578.021240234375,4040.175048828125,0.10644231736660004,0.0910492017865181,0.09315646439790726,1684.82275390625,0.7320266398659929,0.7296837884481705
24,full,2,42,37264,8.239176186000122,orders,1766.357666015625,2167.061767578125,0.2716961205005646,0.21274533867835999,0.24349360167980194,1762.3944091796875,1.268761206704574,0.9782378002083062
24,full,2,123,37264,6.2801636859999235,carts,2303.909912109375,3754.845703125,0.09512470662593842,0.09242425113916397,0.0944410115480423,1320.4725341796875,0.6541929931353297,0.6781513215536225
24,full,2,123,37264,6.2801636859999235,orders,1614.5633544921875,1963.784423828125,0.24834753572940826,0.2057628184556961,0.2345665693283081,1606.279541015625,1.1597285132898854,0.8864759750331124
24,full,2,2026,37264,9.901421492000054,carts,2634.1103515625,4011.87939453125,0.10875815153121948,0.09521586447954178,0.09703745692968369,1690.2130126953125,0.7479530888252979,0.7245733991773362
24,full,2,2026,37264,9.901421492000054,orders,1801.3048095703125,2202.554443359375,0.2770715653896332,0.21014295518398285,0.2403741478919983,1793.4666748046875,1.2938634727294047,0.9942596869295042
72,history_only,1,42,24400,4.159375746000023,carts,3400.89208984375,4959.9033203125,0.14041732251644135,0.13802438974380493,0.13866043090820312,1462.4122314453125,0.9656800224224776,0.8957931589511605
72,history_only,1,42,24400,4.159375746000023,orders,1580.6632080078125,2128.781494140625,0.24313312768936157,0.2030991166830063,0.22333531081676483,1325.728515625,1.1353782972557807,0.9609576284496646
72,history_only,1,123,24400,5.479792957999962,carts,2876.5,4246.03271484375,0.11876602470874786,0.12813204526901245,0.12807327508926392,1232.4781494140625,0.8167793952632818,0.7668631324137528
72,history_only,1,123,24400,5.479792957999962,orders,1331.307373046875,1647.73486328125,0.20477791130542755,0.19126597046852112,0.20609143376350403,1148.8385009765625,0.9562679074684685,0.7438073680497914
72,history_only,1,2026,24400,3.1104400189999524,carts,2911.469482421875,4342.96875,0.12020985782146454,0.12562279403209686,0.12501244246959686,1097.239013671875,0.8267089460038377,0.7843704201528607
72,history_only,1,2026,24400,3.1104400189999524,orders,1365.2042236328125,1773.8001708984375,0.20999182760715485,0.18405303359031677,0.1990816444158554,1146.2169189453125,0.9806157560839245,0.8007148190721576
72,history_only,2,42,37104,8.305852549000065,carts,2899.719970703125,4149.06298828125,0.11972473561763763,0.1228250116109848,0.12188072502613068,1460.5059814453125,0.8233726835055657,0.7493496828347923
72,history_only,2,42,37104,8.305852549000065,orders,1493.080322265625,1882.3795166015625,0.22966136038303375,0.19273200631141663,0.2098996788263321,1346.94921875,1.0724681800474216,0.8497288021817982
72,history_only,2,123,37104,6.467724307000026,carts,3135.5126953125,4505.61767578125,0.12946023046970367,0.1358281522989273,0.1357622891664505,1471.82568359375,0.8903257997975618,0.81374597045871
72,history_only,2,123,37104,6.467724307000026,orders,1387.9510498046875,1730.386962890625,0.21349067986011505,0.19383972883224487,0.20826123654842377,1206.8543701171875,0.996954627410946,0.7811175420020281
72,history_only,2,2026,37104,7.344611713000177,carts,2804.248779296875,4100.16357421875,0.11578288674354553,0.11923235654830933,0.11827646940946579,1428.328857421875,0.7962637309653738,0.7405181147047404
72,history_only,2,2026,37104,7.344611713000177,orders,1399.167724609375,1730.281982421875,0.2152159959077835,0.1823219507932663,0.19683334231376648,1265.2274169921875,1.0050114791653868,0.7810701594194662
72,full,1,42,24560,4.958809084999984,carts,2612.995849609375,4082.4794921875,0.10788635909557343,0.10151809453964233,0.1040109321475029,1542.879638671875,0.7419576463999341,0.7373242577493396
72,full,1,42,24560,4.958809084999984,orders,1789.82080078125,2218.749755859375,0.2753051519393921,0.21411330997943878,0.24659663438796997,1784.580810546875,1.2856145970179054,1.0015703541507397
72,full,1,123,24560,7.055845916999942,carts,3283.189208984375,4688.50732421875,0.13555756211280823,0.12230224907398224,0.12668335437774658,2306.95361328125,0.9322584031459031,0.8467771502555597
72,full,1,123,24560,7.055845916999942,orders,2247.7333984375,2812.71142578125,0.3457399606704712,0.25065478682518005,0.29659757018089294,2237.89794921875,1.614529714915908,1.2696918600090787
72,full,1,2026,24560,5.5989300979999825,carts,3241.193115234375,4507.7255859375,0.13382360339164734,0.1264774203300476,0.13092784583568573,2020.4825439453125,0.9203336529089676,0.8141266874101276
72,full,1,2026,24560,5.5989300979999825,orders,1913.1429443359375,2405.6611328125,0.2942742109298706,0.23020344972610474,0.26734206080436707,1865.68994140625,1.3741959498663243,1.0859444074266225
72,full,2,42,37264,8.291172128000198,carts,3007.595458984375,4330.07958984375,0.12417873740196228,0.11707598716020584,0.12058378756046295,1902.1031494140625,0.8540038241563881,0.7820425542636565
72,full,2,42,37264,8.291172128000198,orders,1914.05859375,2395.616943359375,0.29441502690315247,0.22418777644634247,0.25973692536354065,1884.4029541015625,1.3748536538397924,1.0814103339310819
72,full,2,123,37264,6.98310982199996,carts,3162.558837890625,4602.86767578125,0.13057692348957062,0.13543950021266937,0.1399737298488617,1851.8966064453125,0.8980055258462896,0.831309995210358
72,full,2,123,37264,6.98310982199996,orders,2001.4693603515625,2567.770263671875,0.3078603148460388,0.24972912669181824,0.29269880056381226,1931.8001708984375,1.437640139185388,1.1591224589238724
72,full,2,2026,37264,9.994869154999833,carts,3020.342529296875,4414.85888671875,0.12470504641532898,0.11062385886907578,0.11416710913181305,2042.3758544921875,0.8576233424533539,0.7973543335233624
72,full,2,2026,37264,9.994869154999833,orders,1894.7366943359375,2369.16796875,0.29144299030303955,0.2201654016971588,0.25418582558631897,1877.8466796875,1.360974881217423,1.06947096387834
168,history_only,1,42,24400,2.6963090270000976,carts,4186.8876953125,6108.27197265625,0.17286980152130127,0.18091118335723877,0.18177783489227295,1659.7127685546875,1.1888627150400206,1.1031964925329811
168,history_only,1,42,24400,2.6963090270000976,orders,1806.8233642578125,2415.08740234375,0.2779204249382019,0.2516234219074249,0.27951422333717346,1462.442138671875,1.297827408368992,1.0901996164714205
168,history_only,1,123,24400,6.7213179850000415,carts,4196.95947265625,6110.2001953125,0.17328566312789917,0.1718806028366089,0.17664660513401031,1789.3612060546875,1.1917225864838081,1.1035447439702732
168,history_only,1,123,24400,6.7213179850000415,orders,1818.448974609375,2534.112548828125,0.2797086536884308,0.2384788542985916,0.2701500952243805,1476.158935546875,1.3061779954002117,1.1439289796235705
168,history_only,1,2026,24400,4.3962148970001635,carts,3710.8359375,5249.99462890625,0.15321439504623413,0.15441352128982544,0.15565229952335358,2071.200927734375,1.0536882784468984,0.9481856261944578
168,history_only,1,2026,24400,4.3962148970001635,orders,1714.3817138671875,2199.715576171875,0.26370131969451904,0.21900233626365662,0.24212297797203064,1549.5640869140625,1.2314272776616395,0.9929781326769688
168,history_only,2,42,37104,5.1193665890000375,carts,3709.334228515625,5072.6337890625,0.15315239131450653,0.16490356624126434,0.16649380326271057,2060.103515625,1.0532618696319778,0.9161530211025765
168,history_only,2,42,37104,5.1193665890000375,orders,1797.7420654296875,2239.349609375,0.27652356028556824,0.23901723325252533,0.2660607695579529,1622.5850830078125,1.2913043808523696,1.0108694078103766
168,history_only,2,123,37104,7.644880895999904,carts,4152.154296875,5680.87353515625,0.17143571376800537,0.17444278299808502,0.17690493166446686,2110.97119140625,1.1790002001186857,1.0260053563044471
168,history_only,2,123,37104,7.644880895999904,orders,1849.9716796875,2444.13134765625,0.28455737233161926,0.2446378618478775,0.27204805612564087,1553.0184326171875,1.3288205134490794,1.1033103679167084
168,history_only,2,2026,37104,8.275994755000283,carts,3308.9609375,4765.92822265625,0.1366216242313385,0.1304554045200348,0.1303994208574295,1855.65869140625,0.9395762605531278,0.8607599252153699
168,history_only,2,2026,37104,8.275994755000283,orders,1639.9139404296875,2118.218017578125,0.2522468864917755,0.19778180122375488,0.2178192138671875,1499.529052734375,1.1779376453493524,0.9561892094116589
168,full,1,42,24560,6.4231295869999485,carts,3317.985595703125,4705.92138671875,0.13699424266815186,0.13312891125679016,0.13716337084770203,1952.28955078125,0.9421388035288296,0.8499222672983214
168,full,1,42,24560,6.4231295869999485,orders,1915.7042236328125,2523.16064453125,0.29466816782951355,0.2324105054140091,0.2710580825805664,1844.1654052734375,1.3760356972028538,1.1389851375602529
168,full,1,123,24560,5.160167094999906,carts,3459.9208984375,5096.60693359375,0.14285452663898468,0.1261836439371109,0.13183607161045074,2189.610595703125,0.9824411955795487,0.9204827618017182
168,full,1,123,24560,5.160167094999906,orders,1970.9666748046875,2750.090576171875,0.30316847562789917,0.22164449095726013,0.2617092430591583,1918.0531005859375,1.4157302933671962,1.2414240438020339
168,full,1,2026,24560,3.221569479000209,carts,3078.41943359375,4745.703125,0.12710294127464294,0.11223387718200684,0.11542116850614548,1914.2149658203125,0.8741142233052104,0.85710704932621
168,full,1,2026,24560,3.221569479000209,orders,1860.504638671875,2454.355712890625,0.28617751598358154,0.2153683453798294,0.24952392280101776,1826.987060546875,1.3363862573571803,1.107925731031794
168,full,2,42,37264,8.493869399999767,carts,2786.8037109375,4186.49072265625,0.11506260931491852,0.10180678963661194,0.10451646149158478,1823.7437744140625,0.7913102206629588,0.7561094601645131
168,full,2,42,37264,8.493869399999767,orders,1771.3221435546875,2208.1162109375,0.2724597156047821,0.21029585599899292,0.24095341563224792,1757.82958984375,1.2723271529646691,0.9967702719024789
168,full,2,123,37264,8.659328413999901,carts,3648.68505859375,5108.11865234375,0.150648295879364,0.12999248504638672,0.13616551458835602,2627.250732421875,1.0360405964416393,0.9225618597449348
168,full,2,123,37264,8.659328413999901,orders,2071.408447265625,2697.949462890625,0.31861814856529236,0.23207156360149384,0.27232488989830017,2043.6220703125,1.4878768505922368,1.2178869472381628
168,full,2,2026,37264,6.454101025,carts,2886.29248046875,4410.96875,0.11917033791542053,0.10422998666763306,0.10711584985256195,1803.068359375,0.8195599606293146,0.7966517410829633
168,full,2,2026,37264,6.454101025,orders,1722.46337890625,2189.919677734375,0.2649444341659546,0.20328018069267273,0.232433021068573,1699.9241943359375,1.237232275870339,0.9885561377791919
